Workbook

Sheet Summary
A1: Kolkata bus data gaps
A2: Counted from fontend/src/data/kolkata-bus-data.json at commit 5ae02df (Merge PR #12). Every number below is a formula over the other two sheets.
A4: ROUTES AND TIMETABLES
A5: Total routes | B5: =COUNTA('Routes - timetable'!A2:A651) -> 650 | C5: All routes in the website data
A6: Routes with full times | B6: =COUNTIF('Routes - timetable'!G2:G651,"Full times*") -> 76 | C6: A published time at every stop in every run
A7: Routes with partial times | B7: =COUNTIF('Routes - timetable'!G2:G651,"Partial times*") -> 0 | C7: Some blank time cells
A8: Routes with sample times only | B8: =COUNTIF('Routes - timetable'!G2:G651,"Sample only*") -> 8 | C8: Illustrative frequency, not an official timetable
A9: Routes with NO timetable | B9: =COUNTIF('Routes - timetable'!G2:G651,"No timetable") -> 566 | C9: Route and stops are known; no operator publishes times
A10: Routes missing a full timetable (all of the above except full) | B10: =B7+B8+B9 -> 574 | C10: Partial + sample only + no timetable
A11: Timetabled routes with times in one direction only | B11: =COUNTIF('Routes - timetable'!G2:G651,"*one direction only") -> 0 | C11: Return or outbound times missing
A13: STOPS AND GPS
A14: Stops with no GPS point | B14: =COUNTIF('Stops - missing GPS'!C2:C1072,"No GPS") -> 973 | C14: Cannot be matched by GPS or drawn on the map
A15: Stops with a GPS point that still needs checking | B15: =COUNTIF('Stops - missing GPS'!C2:C1072,"Has a GPS point*") -> 98 | C15: Candidate coordinate, not yet confirmed
A16: Stops needing attention in total | B16: =B14+B15 -> 1071 | C16: Rows in next step/MISSING_COORDINATES.csv
A17: Total stops in the data | B17: 2194 | C17: From the dataset (kolkata-bus-data.json, stops list)
A18: Share of stops with no GPS | B18: =B14/B17 -> 0.44348222 | C18: Stops with no GPS point / all stops
A20: ROUTES AND GPS
A21: Routes with every stop located | B21: =COUNTIF('Routes - timetable'!L2:L651,0) -> 167 | C21: Fully drawable on the map
A22: Routes with at least one stop missing GPS | B22: =COUNTIF('Routes - timetable'!L2:L651,">0") -> 483
A23: Timetabled routes (full times) with every stop located | B23: =COUNTIFS('Routes - timetable'!G2:G651,"Full times*",'Routes - timetable'!L2:L651,0) -> 71

Sheet Routes - timetable
A1: Route | B1: Operator | C1: Type | D1: From | E1: To | F1: Source | G1: Timetable status | H1: Outbound runs | I1: Return runs | J1: Stops on route | K1: Stops with GPS | L1: Stops missing GPS | M1: GPS coverage
A2: 1 | B2: Joint Council of Bus Syndicates | C2: Non-AC | D2: Ramnagar | E2: Mukundapur | F2: Kolkata bus directory v2 | G2: Full times | H2: 7 | I2: 7 | J2: 7 | K2: 6 | L2: =J2-K2 -> 1 | M2: =IF(J2=0,0,K2/J2) -> 0.85714286
A3: 11A | B3: WBTC | C3: Non-AC | D3: Dum Dum | E3: Howrah Railway Station | F3: Published route list | G3: No timetable | H3: 0 | I3: 0 | J3: 8 | K3: 6 | L3: =J3-K3 -> 2 | M3: =IF(J3=0,0,K3/J3) -> 0.75
A4: 12 | B4: Private | C4: Non-AC | D4: Badartala | E4: Rajabazar | F4: Published route list | G4: No timetable | H4: 0 | I4: 0 | J4: 13 | K4: 12 | L4: =J4-K4 -> 1 | M4: =IF(J4=0,0,K4/J4) -> 0.92307692
A5: 12 (Shuttle) | B5: Private | C5: Non-AC | D5: Badartala | E5: Esplanade | F5: Published route list | G5: No timetable | H5: 0 | I5: 0 | J5: 9 | K5: 7 | L5: =J5-K5 -> 2 | M5: =IF(J5=0,0,K5/J5) -> 0.77777778
A6: 12A | B6: Private | C6: Non-AC | D6: Badartala | E6: Howrah Railway Station | F6: Published route list | G6: No timetable | H6: 0 | I6: 0 | J6: 17 | K6: 13 | L6: =J6-K6 -> 4 | M6: =IF(J6=0,0,K6/J6) -> 0.76470588
A7: 12AD | B7: Private | C7: Non-AC | D7: Akra Fatak | E7: Howrah Railway Station | F7: Published route list | G7: No timetable | H7: 0 | I7: 0 | J7: 16 | K7: 14 | L7: =J7-K7 -> 2 | M7: =IF(J7=0,0,K7/J7) -> 0.875
A8: 12B (Shuttle) | B8: Private | C8: Non-AC | D8: Kamal Talkies | E8: Esplanade | F8: Published route list | G8: No timetable | H8: 0 | I8: 0 | J8: 8 | K8: 6 | L8: =J8-K8 -> 2 | M8: =IF(J8=0,0,K8/J8) -> 0.75
A9: 12C | B9: Bengal Bus Syndicate | C9: Non-AC | D9: Shilpara | E9: Howrah Railway Station | F9: Kolkata bus directory v2 | G9: Full times | H9: 8 | I9: 8 | J9: 7 | K9: 7 | L9: =J9-K9 -> 0 | M9: =IF(J9=0,0,K9/J9) -> 1
A10: 12C (Pailan - Howrah Railway Station) | B10: Private | C10: Non-AC | D10: Pailan | E10: Howrah Railway Station | F10: Published route list | G10: No timetable | H10: 0 | I10: 0 | J10: 19 | K10: 18 | L10: =J10-K10 -> 1 | M10: =IF(J10=0,0,K10/J10) -> 0.94736842
A11: 12C/1 (Shibrampur - Howrah Railway Station) | B11: Private | C11: Non-AC | D11: Shibrampur | E11: Howrah Railway Station | F11: Published route list | G11: No timetable | H11: 0 | I11: 0 | J11: 18 | K11: 18 | L11: =J11-K11 -> 0 | M11: =IF(J11=0,0,K11/J11) -> 1
A12: 12C/1A | B12: Private | C12: Non-AC | D12: Pailan | E12: Howrah Railway Station | F12: Published route list | G12: No timetable | H12: 0 | I12: 0 | J12: 17 | K12: 16 | L12: =J12-K12 -> 1 | M12: =IF(J12=0,0,K12/J12) -> 0.94117647
A13: 12C/1B | B13: Private | C13: Non-AC | D13: Pailan | E13: Howrah Railway Station | F13: Published route list | G13: No timetable | H13: 0 | I13: 0 | J13: 21 | K13: 19 | L13: =J13-K13 -> 2 | M13: =IF(J13=0,0,K13/J13) -> 0.9047619
... A651: VS6 | B651: WBTC | C651: Non-AC | D651: Diamond Harbour | E651: Esplanade | F651: Published route list | G651: No timetable | H651: 0 | I651: 0 | J651: 19 | K651: 19 | L651: =J651-K651 -> 0 | M651: =IF(J651=0,0,K651/J651) -> 1

Sheet Stops - missing GPS
A1: Priority | B1: Stop | C1: GPS status | D1: Routes using this stop | E1: Routes completed if this stop is located | F1: Timetabled routes using it | G1: Neighbours on its busiest route | H1: Example routes
A2: 1 | B2: Garia Depot | C2: Has a GPS point, needs checking | D2: 7 | E2: 6 | F2: 7 | G2: [Garia Depot] -> Jadavpur 8B | H2: AC37; AC5; AC6; S21
A3: 2 | B3: R.G. Kar Hospital | C3: Has a GPS point, needs checking | D3: 21 | E3: 5 | F3: 1 | G3: Shyambazar -> [R.G. Kar Hospital] -> Belgachia | H3: 211A; 215/1; 219; 219/1
A4: 3 | B4: Ramnagar | C4: No GPS | D4: 28 | E4: 2 | F4: 1 | G4: Berachampa -> [Ramnagar] -> Adampur | H4: 1; 12; 12 (Shuttle); 12A
A5: 4 | B5: Dhulagarh | C5: Has a GPS point, needs checking | D5: 37 | E5: 0 | F5: 0 | G5: Ranihati -> [Dhulagarh] -> Alampur | H5: 77; 79; Amta - Airport; Amta - Mukundapur
A6: 5 | B6: Bonhooghly | C6: Has a GPS point, needs checking | D6: 19 | E6: 3 | F6: 1 | G6: Dunlop -> [Bonhooghly] -> Tobin Road | H6: 214; 214A; 222; 222 (Sakherbazar - Dunlop)
A7: 6 | B7: Chittaranjan Hospital | C7: No GPS | D7: 20 | E7: 3 | F7: 0 | G7: Entally -> [Chittaranjan Hospital] -> Park Circus 4 number | H7: 204/1; 213A; 240; 24A/1
A8: 7 | B8: B.T. College | C8: Has a GPS point, needs checking | D8: 34 | E8: 0 | F8: 0 | G8: Madhyamgram Chowmatha -> [B.T. College] -> Birati | H8: 223; 79B; 79D; 93
A9: 8 | B9: Joka Bridge | C9: No GPS | D9: 19 | E9: 3 | F9: 0 | G9: Thakurpukur -> [Joka Bridge] -> Pailan | H9: 12C (Pailan - Howrah Railway Station); 12C/1A; 12C/1B; 210
A10: 9 | B10: Shanpur More | C10: No GPS | D10: 13 | E10: 4 | F10: 0 | G10: Dasnagar -> [Shanpur More] -> Tikiapara | H10: 63; 72; 73; 75
A11: 10 | B11: Rathtala | C11: Has a GPS point, needs checking | D11: 24 | E11: 1 | F11: 1 | G11: Kamarhati -> [Rathtala] -> Dunlop | H11: 201; 214; 214A; 230 (Alipore Zoo - Agarpara Station)
A12: 11 | B12: Malancha Cinema | C12: No GPS | D12: 8 | E12: 4 | F12: 0 | G12: Ranikuthi -> [Malancha Cinema] -> Tollygunge | H12: 205A; 228; 41; 41B
A13: 12 | B13: Toll Tax | C13: No GPS | D13: 18 | E13: 2 | F13: 0 | G13: Hastings -> [Toll Tax] -> Carry Road | H13: AC-20 (Barrackpore Chiriamore - Santragachi Bus Terminus); AC41; C11 (Belgachia/ BBD bag/ Sealdah - Domjur); C20
... A1072: 1071 | B1072: Welington Sq | C1072: No GPS | D1072: 1 | E1072: 0 | F1072: 0 | G1072: Esplanade -> [Welington Sq] -> Moulali | H1072: S-45
